"nombre","slug","marca_slug","tipo_slug","codigo","descripcion","metaTitle","metaDescription"
"Caterpillar 320","repuestos-excavadora-caterpillar-320","repuestos-para-maquinaria-pesada-caterpillar","repuestos-para-maquinaria-pesada-excavadora-caterpillar","320","Repuestos y componentes para excavadora Caterpillar 320. Suministramos piezas de mantenimiento y desgaste con asesoría técnica para mantener el equipo operativo.","Repuestos Caterpillar 320 | Excavadora | Partequipos","Repuestos para Caterpillar 320 (excavadora): filtros, tren de rodaje, componentes hidráulicos y más. Cotiza con Partequipos."
"Caterpillar 320B","repuestos-excavadora-caterpillar-320b","repuestos-para-maquinaria-pesada-caterpillar","repuestos-para-maquinaria-pesada-excavadora-caterpillar","320B","Repuestos y componentes para excavadora Caterpillar 320B. Suministramos piezas de mantenimiento y desgaste con asesoría técnica para mantener el equipo operativo.","Repuestos Caterpillar 320B | Excavadora | Partequipos","Repuestos para Caterpillar 320B (excavadora): filtros, tren de rodaje, componentes hidráulicos y más. Cotiza con Partequipos."
"Caterpillar 320C","repuestos-excavadora-caterpillar-320c","repuestos-para-maquinaria-pesada-caterpillar","repuestos-para-maquinaria-pesada-excavadora-caterpillar","320C","Repuestos y componentes para excavadora Caterpillar 320C. Suministramos piezas de mantenimiento y desgaste con asesoría técnica para mantener el equipo operativo.","Repuestos Caterpillar 320C | Excavadora | Partequipos","Repuestos para Caterpillar 320C (excavadora): filtros, tren de rodaje, componentes hidráulicos y más. Cotiza con Partequipos."
"Caterpillar 320D","repuestos-excavadora-caterpillar-320d","repuestos-para-maquinaria-pesada-caterpillar","repuestos-para-maquinaria-pesada-excavadora-caterpillar","320D","Repuestos y componentes para excavadora Caterpillar 320D. Suministramos piezas de mantenimiento y desgaste con asesoría técnica para mantener el equipo operativo.","Repuestos Caterpillar 320D | Excavadora | Partequipos","Repuestos para Caterpillar 320D (excavadora): filtros, tren de rodaje, componentes hidráulicos y más. Cotiza con Partequipos."
"Caterpillar 320D2","repuestos-excavadora-caterpillar-320d2","repuestos-para-maquinaria-pesada-caterpillar","repuestos-para-maquinaria-pesada-excavadora-caterpillar","320D2","Repuestos y componentes para excavadora Caterpillar 320D2. Suministramos piezas de mantenimiento y desgaste con asesoría técnica para mantener el equipo operativo.","Repuestos Caterpillar 320D2 | Excavadora | Partequipos","Repuestos para Caterpillar 320D2 (excavadora): filtros, tren de rodaje, componentes hidráulicos y más. Cotiza con Partequipos."
"Caterpillar 325C","repuestos-excavadora-caterpillar-325c","repuestos-para-maquinaria-pesada-caterpillar","repuestos-para-maquinaria-pesada-excavadora-caterpillar","325C","Repuestos y componentes para excavadora Caterpillar 325C. Suministramos piezas de mantenimiento y desgaste con asesoría técnica para mantener el equipo operativo.","Repuestos Caterpillar 325C | Excavadora | Partequipos","Repuestos para Caterpillar 325C (excavadora): filtros, tren de rodaje, componentes hidráulicos y más. Cotiza con Partequipos."
"Caterpillar 325D","repuestos-excavadora-caterpillar-325d","repuestos-para-maquinaria-pesada-caterpillar","repuestos-para-maquinaria-pesada-excavadora-caterpillar","325D","Repuestos y componentes para excavadora Caterpillar 325D. Suministramos piezas de mantenimiento y desgaste con asesoría técnica para mantener el equipo operativo.","Repuestos Caterpillar 325D | Excavadora | Partequipos","Repuestos para Caterpillar 325D (excavadora): filtros, tren de rodaje, componentes hidráulicos y más. Cotiza con Partequipos."
"Caterpillar 330","repuestos-excavadora-caterpillar-330","repuestos-para-maquinaria-pesada-caterpillar","repuestos-para-maquinaria-pesada-excavadora-caterpillar","330","Repuestos y componentes para excavadora Caterpillar 330. Suministramos piezas de mantenimiento y desgaste con asesoría técnica para mantener el equipo operativo.","Repuestos Caterpillar 330 | Excavadora | Partequipos","Repuestos para Caterpillar 330 (excavadora): filtros, tren de rodaje, componentes hidráulicos y más. Cotiza con Partequipos."
"Caterpillar 330C","repuestos-excavadora-caterpillar-330c","repuestos-para-maquinaria-pesada-caterpillar","repuestos-para-maquinaria-pesada-excavadora-caterpillar","330C","Repuestos y componentes para excavadora Caterpillar 330C. Suministramos piezas de mantenimiento y desgaste con asesoría técnica para mantener el equipo operativo.","Repuestos Caterpillar 330C | Excavadora | Partequipos","Repuestos para Caterpillar 330C (excavadora): filtros, tren de rodaje, componentes hidráulicos y más. Cotiza con Partequipos."
"Caterpillar 330D","repuestos-excavadora-caterpillar-330d","repuestos-para-maquinaria-pesada-caterpillar","repuestos-para-maquinaria-pesada-excavadora-caterpillar","330D","Repuestos y componentes para excavadora Caterpillar 330D. Suministramos piezas de mantenimiento y desgaste con asesoría técnica para mantener el equipo operativo.","Repuestos Caterpillar 330D | Excavadora | Partequipos","Repuestos para Caterpillar 330D (excavadora): filtros, tren de rodaje, componentes hidráulicos y más. Cotiza con Partequipos."
"Caterpillar 336D","repuestos-excavadora-caterpillar-336d","repuestos-para-maquinaria-pesada-caterpillar","repuestos-para-maquinaria-pesada-excavadora-caterpillar","336D","Repuestos y componentes para excavadora Caterpillar 336D. Suministramos piezas de mantenimiento y desgaste con asesoría técnica para mantener el equipo operativo.","Repuestos Caterpillar 336D | Excavadora | Partequipos","Repuestos para Caterpillar 336D (excavadora): filtros, tren de rodaje, componentes hidráulicos y más. Cotiza con Partequipos."
"Caterpillar 345B","repuestos-excavadora-caterpillar-345b","repuestos-para-maquinaria-pesada-caterpillar","repuestos-para-maquinaria-pesada-excavadora-caterpillar","345B","Repuestos y componentes para excavadora Caterpillar 345B. Suministramos piezas de mantenimiento y desgaste con asesoría técnica para mantener el equipo operativo.","Repuestos Caterpillar 345B | Excavadora | Partequipos","Repuestos para Caterpillar 345B (excavadora): filtros, tren de rodaje, componentes hidráulicos y más. Cotiza con Partequipos."
"Caterpillar 349D2","repuestos-excavadora-caterpillar-349d2","repuestos-para-maquinaria-pesada-caterpillar","repuestos-para-maquinaria-pesada-excavadora-caterpillar","349D2","Repuestos y componentes para excavadora Caterpillar 349D2. Suministramos piezas de mantenimiento y desgaste con asesoría técnica para mantener el equipo operativo.","Repuestos Caterpillar 349D2 | Excavadora | Partequipos","Repuestos para Caterpillar 349D2 (excavadora): filtros, tren de rodaje, componentes hidráulicos y más. Cotiza con Partequipos."
"Caterpillar 416","repuestos-retrocargadora-caterpillar-416","repuestos-para-maquinaria-pesada-caterpillar","repuestos-para-maquinaria-pesada-retrocargadora-caterpillar","416","Repuestos y componentes para retrocargadora Caterpillar 416. Suministramos piezas de mantenimiento y desgaste con asesoría técnica para mantener el equipo operativo.","Repuestos Caterpillar 416 | Retrocargadora | Partequipos","Repuestos para Caterpillar 416 (retrocargadora): filtros, tren de rodaje, componentes hidráulicos y más. Cotiza con Partequipos."
"Caterpillar 416C","repuestos-retrocargadora-caterpillar-416c","repuestos-para-maquinaria-pesada-caterpillar","repuestos-para-maquinaria-pesada-retrocargadora-caterpillar","416C","Repuestos y componentes para retrocargadora Caterpillar 416C. Suministramos piezas de mantenimiento y desgaste con asesoría técnica para mantener el equipo operativo.","Repuestos Caterpillar 416C | Retrocargadora | Partequipos","Repuestos para Caterpillar 416C (retrocargadora): filtros, tren de rodaje, componentes hidráulicos y más. Cotiza con Partequipos."
"Caterpillar 416E","repuestos-retrocargadora-caterpillar-416e","repuestos-para-maquinaria-pesada-caterpillar","repuestos-para-maquinaria-pesada-retrocargadora-caterpillar","416E","Repuestos y componentes para retrocargadora Caterpillar 416E. Suministramos piezas de mantenimiento y desgaste con asesoría técnica para mantener el equipo operativo.","Repuestos Caterpillar 416E | Retrocargadora | Partequipos","Repuestos para Caterpillar 416E (retrocargadora): filtros, tren de rodaje, componentes hidráulicos y más. Cotiza con Partequipos."
"Caterpillar 420D","repuestos-retrocargadora-caterpillar-420d","repuestos-para-maquinaria-pesada-caterpillar","repuestos-para-maquinaria-pesada-retrocargadora-caterpillar","420D","Repuestos y componentes para retrocargadora Caterpillar 420D. Suministramos piezas de mantenimiento y desgaste con asesoría técnica para mantener el equipo operativo.","Repuestos Caterpillar 420D | Retrocargadora | Partequipos","Repuestos para Caterpillar 420D (retrocargadora): filtros, tren de rodaje, componentes hidráulicos y más. Cotiza con Partequipos."
"Caterpillar 420E","repuestos-retrocargadora-caterpillar-420e","repuestos-para-maquinaria-pesada-caterpillar","repuestos-para-maquinaria-pesada-retrocargadora-caterpillar","420E","Repuestos y componentes para retrocargadora Caterpillar 420E. Suministramos piezas de mantenimiento y desgaste con asesoría técnica para mantener el equipo operativo.","Repuestos Caterpillar 420E | Retrocargadora | Partequipos","Repuestos para Caterpillar 420E (retrocargadora): filtros, tren de rodaje, componentes hidráulicos y más. Cotiza con Partequipos."
"Caterpillar 420F","repuestos-retrocargadora-caterpillar-420f","repuestos-para-maquinaria-pesada-caterpillar","repuestos-para-maquinaria-pesada-retrocargadora-caterpillar","420F","Repuestos y componentes para retrocargadora Caterpillar 420F. Suministramos piezas de mantenimiento y desgaste con asesoría técnica para mantener el equipo operativo.","Repuestos Caterpillar 420F | Retrocargadora | Partequipos","Repuestos para Caterpillar 420F (retrocargadora): filtros, tren de rodaje, componentes hidráulicos y más. Cotiza con Partequipos."
"Caterpillar 428","repuestos-retrocargadora-caterpillar-428","repuestos-para-maquinaria-pesada-caterpillar","repuestos-para-maquinaria-pesada-retrocargadora-caterpillar","428","Repuestos y componentes para retrocargadora Caterpillar 428. Suministramos piezas de mantenimiento y desgaste con asesoría técnica para mantener el equipo operativo.","Repuestos Caterpillar 428 | Retrocargadora | Partequipos","Repuestos para Caterpillar 428 (retrocargadora): filtros, tren de rodaje, componentes hidráulicos y más. Cotiza con Partequipos."
"Caterpillar 428C","repuestos-retrocargadora-caterpillar-428c","repuestos-para-maquinaria-pesada-caterpillar","repuestos-para-maquinaria-pesada-retrocargadora-caterpillar","428C","Repuestos y componentes para retrocargadora Caterpillar 428C. Suministramos piezas de mantenimiento y desgaste con asesoría técnica para mantener el equipo operativo.","Repuestos Caterpillar 428C | Retrocargadora | Partequipos","Repuestos para Caterpillar 428C (retrocargadora): filtros, tren de rodaje, componentes hidráulicos y más. Cotiza con Partequipos."
"Caterpillar 428E","repuestos-retrocargadora-caterpillar-428e","repuestos-para-maquinaria-pesada-caterpillar","repuestos-para-maquinaria-pesada-retrocargadora-caterpillar","428E","Repuestos y componentes para retrocargadora Caterpillar 428E. Suministramos piezas de mantenimiento y desgaste con asesoría técnica para mantener el equipo operativo.","Repuestos Caterpillar 428E | Retrocargadora | Partequipos","Repuestos para Caterpillar 428E (retrocargadora): filtros, tren de rodaje, componentes hidráulicos y más. Cotiza con Partequipos."
"Caterpillar 430D","repuestos-retrocargadora-caterpillar-430d","repuestos-para-maquinaria-pesada-caterpillar","repuestos-para-maquinaria-pesada-retrocargadora-caterpillar","430D","Repuestos y componentes para retrocargadora Caterpillar 430D. Suministramos piezas de mantenimiento y desgaste con asesoría técnica para mantener el equipo operativo.","Repuestos Caterpillar 430D | Retrocargadora | Partequipos","Repuestos para Caterpillar 430D (retrocargadora): filtros, tren de rodaje, componentes hidráulicos y más. Cotiza con Partequipos."
"Caterpillar 430E","repuestos-retrocargadora-caterpillar-430e","repuestos-para-maquinaria-pesada-caterpillar","repuestos-para-maquinaria-pesada-retrocargadora-caterpillar","430E","Repuestos y componentes para retrocargadora Caterpillar 430E. Suministramos piezas de mantenimiento y desgaste con asesoría técnica para mantener el equipo operativo.","Repuestos Caterpillar 430E | Retrocargadora | Partequipos","Repuestos para Caterpillar 430E (retrocargadora): filtros, tren de rodaje, componentes hidráulicos y más. Cotiza con Partequipos."
"Caterpillar D4H","repuestos-bulldozer-caterpillar-d4h","repuestos-para-maquinaria-pesada-caterpillar","repuestos-para-maquinaria-pesada-bulldozer-caterpillar","D4H","Repuestos y componentes para bulldozer Caterpillar D4H. Suministramos piezas de mantenimiento y desgaste con asesoría técnica para mantener el equipo operativo.","Repuestos Caterpillar D4H | Bulldozer | Partequipos","Repuestos para Caterpillar D4H (bulldozer): filtros, tren de rodaje, componentes hidráulicos y más. Cotiza con Partequipos."
"Caterpillar D5G","repuestos-bulldozer-caterpillar-d5g","repuestos-para-maquinaria-pesada-caterpillar","repuestos-para-maquinaria-pesada-bulldozer-caterpillar","D5G","Repuestos y componentes para bulldozer Caterpillar D5G. Suministramos piezas de mantenimiento y desgaste con asesoría técnica para mantener el equipo operativo.","Repuestos Caterpillar D5G | Bulldozer | Partequipos","Repuestos para Caterpillar D5G (bulldozer): filtros, tren de rodaje, componentes hidráulicos y más. Cotiza con Partequipos."
"Caterpillar D5M","repuestos-bulldozer-caterpillar-d5m","repuestos-para-maquinaria-pesada-caterpillar","repuestos-para-maquinaria-pesada-bulldozer-caterpillar","D5M","Repuestos y componentes para bulldozer Caterpillar D5M. Suministramos piezas de mantenimiento y desgaste con asesoría técnica para mantener el equipo operativo.","Repuestos Caterpillar D5M | Bulldozer | Partequipos","Repuestos para Caterpillar D5M (bulldozer): filtros, tren de rodaje, componentes hidráulicos y más. Cotiza con Partequipos."
"Caterpillar D6D","repuestos-bulldozer-caterpillar-d6d","repuestos-para-maquinaria-pesada-caterpillar","repuestos-para-maquinaria-pesada-bulldozer-caterpillar","D6D","Repuestos y componentes para bulldozer Caterpillar D6D. Suministramos piezas de mantenimiento y desgaste con asesoría técnica para mantener el equipo operativo.","Repuestos Caterpillar D6D | Bulldozer | Partequipos","Repuestos para Caterpillar D6D (bulldozer): filtros, tren de rodaje, componentes hidráulicos y más. Cotiza con Partequipos."
"Caterpillar D6G","repuestos-bulldozer-caterpillar-d6g","repuestos-para-maquinaria-pesada-caterpillar","repuestos-para-maquinaria-pesada-bulldozer-caterpillar","D6G","Repuestos y componentes para bulldozer Caterpillar D6G. Suministramos piezas de mantenimiento y desgaste con asesoría técnica para mantener el equipo operativo.","Repuestos Caterpillar D6G | Bulldozer | Partequipos","Repuestos para Caterpillar D6G (bulldozer): filtros, tren de rodaje, componentes hidráulicos y más. Cotiza con Partequipos."
"Caterpillar D6H","repuestos-bulldozer-caterpillar-d6h","repuestos-para-maquinaria-pesada-caterpillar","repuestos-para-maquinaria-pesada-bulldozer-caterpillar","D6H","Repuestos y componentes para bulldozer Caterpillar D6H. Suministramos piezas de mantenimiento y desgaste con asesoría técnica para mantener el equipo operativo.","Repuestos Caterpillar D6H | Bulldozer | Partequipos","Repuestos para Caterpillar D6H (bulldozer): filtros, tren de rodaje, componentes hidráulicos y más. Cotiza con Partequipos."
"Caterpillar D6R","repuestos-bulldozer-caterpillar-d6r","repuestos-para-maquinaria-pesada-caterpillar","repuestos-para-maquinaria-pesada-bulldozer-caterpillar","D6R","Repuestos y componentes para bulldozer Caterpillar D6R. Suministramos piezas de mantenimiento y desgaste con asesoría técnica para mantener el equipo operativo.","Repuestos Caterpillar D6R | Bulldozer | Partequipos","Repuestos para Caterpillar D6R (bulldozer): filtros, tren de rodaje, componentes hidráulicos y más. Cotiza con Partequipos."
"Caterpillar D6T","repuestos-bulldozer-caterpillar-d6t","repuestos-para-maquinaria-pesada-caterpillar","repuestos-para-maquinaria-pesada-bulldozer-caterpillar","D6T","Repuestos y componentes para bulldozer Caterpillar D6T. Suministramos piezas de mantenimiento y desgaste con asesoría técnica para mantener el equipo operativo.","Repuestos Caterpillar D6T | Bulldozer | Partequipos","Repuestos para Caterpillar D6T (bulldozer): filtros, tren de rodaje, componentes hidráulicos y más. Cotiza con Partequipos."
"Caterpillar D7G","repuestos-bulldozer-caterpillar-d7g","repuestos-para-maquinaria-pesada-caterpillar","repuestos-para-maquinaria-pesada-bulldozer-caterpillar","D7G","Repuestos y componentes para bulldozer Caterpillar D7G. Suministramos piezas de mantenimiento y desgaste con asesoría técnica para mantener el equipo operativo.","Repuestos Caterpillar D7G | Bulldozer | Partequipos","Repuestos para Caterpillar D7G (bulldozer): filtros, tren de rodaje, componentes hidráulicos y más. Cotiza con Partequipos."
"Caterpillar D8N","repuestos-bulldozer-caterpillar-d8n","repuestos-para-maquinaria-pesada-caterpillar","repuestos-para-maquinaria-pesada-bulldozer-caterpillar","D8N","Repuestos y componentes para bulldozer Caterpillar D8N. Suministramos piezas de mantenimiento y desgaste con asesoría técnica para mantener el equipo operativo.","Repuestos Caterpillar D8N | Bulldozer | Partequipos","Repuestos para Caterpillar D8N (bulldozer): filtros, tren de rodaje, componentes hidráulicos y más. Cotiza con Partequipos."
"Caterpillar D8R","repuestos-bulldozer-caterpillar-d8r","repuestos-para-maquinaria-pesada-caterpillar","repuestos-para-maquinaria-pesada-bulldozer-caterpillar","D8R","Repuestos y componentes para bulldozer Caterpillar D8R. Suministramos piezas de mantenimiento y desgaste con asesoría técnica para mantener el equipo operativo.","Repuestos Caterpillar D8R | Bulldozer | Partequipos","Repuestos para Caterpillar D8R (bulldozer): filtros, tren de rodaje, componentes hidráulicos y más. Cotiza con Partequipos."
"Caterpillar 226B","repuestos-minicargador-caterpillar-226b","repuestos-para-maquinaria-pesada-caterpillar","repuestos-para-maquinaria-pesada-minicargador-caterpillar","226B","Repuestos y componentes para minicargador Caterpillar 226B. Suministramos piezas de mantenimiento y desgaste con asesoría técnica para mantener el equipo operativo.","Repuestos Caterpillar 226B | Minicargador | Partequipos","Repuestos para Caterpillar 226B (minicargador): filtros, tren de rodaje, componentes hidráulicos y más. Cotiza con Partequipos."
"Caterpillar 236B","repuestos-minicargador-caterpillar-236b","repuestos-para-maquinaria-pesada-caterpillar","repuestos-para-maquinaria-pesada-minicargador-caterpillar","236B","Repuestos y componentes para minicargador Caterpillar 236B. Suministramos piezas de mantenimiento y desgaste con asesoría técnica para mantener el equipo operativo.","Repuestos Caterpillar 236B | Minicargador | Partequipos","Repuestos para Caterpillar 236B (minicargador): filtros, tren de rodaje, componentes hidráulicos y más. Cotiza con Partequipos."
"Caterpillar 236D","repuestos-minicargador-caterpillar-236d","repuestos-para-maquinaria-pesada-caterpillar","repuestos-para-maquinaria-pesada-minicargador-caterpillar","236D","Repuestos y componentes para minicargador Caterpillar 236D. Suministramos piezas de mantenimiento y desgaste con asesoría técnica para mantener el equipo operativo.","Repuestos Caterpillar 236D | Minicargador | Partequipos","Repuestos para Caterpillar 236D (minicargador): filtros, tren de rodaje, componentes hidráulicos y más. Cotiza con Partequipos."
"Caterpillar 242B","repuestos-minicargador-caterpillar-242b","repuestos-para-maquinaria-pesada-caterpillar","repuestos-para-maquinaria-pesada-minicargador-caterpillar","242B","Repuestos y componentes para minicargador Caterpillar 242B. Suministramos piezas de mantenimiento y desgaste con asesoría técnica para mantener el equipo operativo.","Repuestos Caterpillar 242B | Minicargador | Partequipos","Repuestos para Caterpillar 242B (minicargador): filtros, tren de rodaje, componentes hidráulicos y más. Cotiza con Partequipos."
"Caterpillar 246B","repuestos-minicargador-caterpillar-246b","repuestos-para-maquinaria-pesada-caterpillar","repuestos-para-maquinaria-pesada-minicargador-caterpillar","246B","Repuestos y componentes para minicargador Caterpillar 246B. Suministramos piezas de mantenimiento y desgaste con asesoría técnica para mantener el equipo operativo.","Repuestos Caterpillar 246B | Minicargador | Partequipos","Repuestos para Caterpillar 246B (minicargador): filtros, tren de rodaje, componentes hidráulicos y más. Cotiza con Partequipos."
"Caterpillar 246D","repuestos-minicargador-caterpillar-246d","repuestos-para-maquinaria-pesada-caterpillar","repuestos-para-maquinaria-pesada-minicargador-caterpillar","246D","Repuestos y componentes para minicargador Caterpillar 246D. Suministramos piezas de mantenimiento y desgaste con asesoría técnica para mantener el equipo operativo.","Repuestos Caterpillar 246D | Minicargador | Partequipos","Repuestos para Caterpillar 246D (minicargador): filtros, tren de rodaje, componentes hidráulicos y más. Cotiza con Partequipos."
"Caterpillar 262B","repuestos-minicargador-caterpillar-262b","repuestos-para-maquinaria-pesada-caterpillar","repuestos-para-maquinaria-pesada-minicargador-caterpillar","262B","Repuestos y componentes para minicargador Caterpillar 262B. Suministramos piezas de mantenimiento y desgaste con asesoría técnica para mantener el equipo operativo.","Repuestos Caterpillar 262B | Minicargador | Partequipos","Repuestos para Caterpillar 262B (minicargador): filtros, tren de rodaje, componentes hidráulicos y más. Cotiza con Partequipos."
"Caterpillar 12G","repuestos-motoniveladora-caterpillar-12g","repuestos-para-maquinaria-pesada-caterpillar","repuestos-para-maquinaria-pesada-motoniveladora-caterpillar","12G","Repuestos y componentes para motoniveladora Caterpillar 12G. Suministramos piezas de mantenimiento y desgaste con asesoría técnica para mantener el equipo operativo.","Repuestos Caterpillar 12G | Motoniveladora | Partequipos","Repuestos para Caterpillar 12G (motoniveladora): filtros, tren de rodaje, componentes hidráulicos y más. Cotiza con Partequipos."
"Caterpillar 120G","repuestos-motoniveladora-caterpillar-120g","repuestos-para-maquinaria-pesada-caterpillar","repuestos-para-maquinaria-pesada-motoniveladora-caterpillar","120G","Repuestos y componentes para motoniveladora Caterpillar 120G. Suministramos piezas de mantenimiento y desgaste con asesoría técnica para mantener el equipo operativo.","Repuestos Caterpillar 120G | Motoniveladora | Partequipos","Repuestos para Caterpillar 120G (motoniveladora): filtros, tren de rodaje, componentes hidráulicos y más. Cotiza con Partequipos."
"Caterpillar 120H","repuestos-motoniveladora-caterpillar-120h","repuestos-para-maquinaria-pesada-caterpillar","repuestos-para-maquinaria-pesada-motoniveladora-caterpillar","120H","Repuestos y componentes para motoniveladora Caterpillar 120H. Suministramos piezas de mantenimiento y desgaste con asesoría técnica para mantener el equipo operativo.","Repuestos Caterpillar 120H | Motoniveladora | Partequipos","Repuestos para Caterpillar 120H (motoniveladora): filtros, tren de rodaje, componentes hidráulicos y más. Cotiza con Partequipos."
"Caterpillar 120K","repuestos-motoniveladora-caterpillar-120k","repuestos-para-maquinaria-pesada-caterpillar","repuestos-para-maquinaria-pesada-motoniveladora-caterpillar","120K","Repuestos y componentes para motoniveladora Caterpillar 120K. Suministramos piezas de mantenimiento y desgaste con asesoría técnica para mantener el equipo operativo.","Repuestos Caterpillar 120K | Motoniveladora | Partequipos","Repuestos para Caterpillar 120K (motoniveladora): filtros, tren de rodaje, componentes hidráulicos y más. Cotiza con Partequipos."
"Caterpillar 140G","repuestos-motoniveladora-caterpillar-140g","repuestos-para-maquinaria-pesada-caterpillar","repuestos-para-maquinaria-pesada-motoniveladora-caterpillar","140G","Repuestos y componentes para motoniveladora Caterpillar 140G. Suministramos piezas de mantenimiento y desgaste con asesoría técnica para mantener el equipo operativo.","Repuestos Caterpillar 140G | Motoniveladora | Partequipos","Repuestos para Caterpillar 140G (motoniveladora): filtros, tren de rodaje, componentes hidráulicos y más. Cotiza con Partequipos."
"Caterpillar 140H","repuestos-motoniveladora-caterpillar-140h","repuestos-para-maquinaria-pesada-caterpillar","repuestos-para-maquinaria-pesada-motoniveladora-caterpillar","140H","Repuestos y componentes para motoniveladora Caterpillar 140H. Suministramos piezas de mantenimiento y desgaste con asesoría técnica para mantener el equipo operativo.","Repuestos Caterpillar 140H | Motoniveladora | Partequipos","Repuestos para Caterpillar 140H (motoniveladora): filtros, tren de rodaje, componentes hidráulicos y más. Cotiza con Partequipos."
"Caterpillar 140K","repuestos-motoniveladora-caterpillar-140k","repuestos-para-maquinaria-pesada-caterpillar","repuestos-para-maquinaria-pesada-motoniveladora-caterpillar","140K","Repuestos y componentes para motoniveladora Caterpillar 140K. Suministramos piezas de mantenimiento y desgaste con asesoría técnica para mantener el equipo operativo.","Repuestos Caterpillar 140K | Motoniveladora | Partequipos","Repuestos para Caterpillar 140K (motoniveladora): filtros, tren de rodaje, componentes hidráulicos y más. Cotiza con Partequipos."
"Komatsu PC120-6","repuestos-excavadora-komatsu-pc120-6","repuestos-para-maquinaria-pesada-komatsu","repuestos-para-maquinaria-pesada-excavadora-komatsu","PC120-6","Repuestos y componentes para excavadora Komatsu PC120-6. Suministramos piezas de mantenimiento y desgaste con asesoría técnica para mantener el equipo operativo.","Repuestos Komatsu PC120-6 | Excavadora | Partequipos","Repuestos para Komatsu PC120-6 (excavadora): filtros, tren de rodaje, componentes hidráulicos y más. Cotiza con Partequipos."
"Komatsu PC130-8","repuestos-excavadora-komatsu-pc130-8","repuestos-para-maquinaria-pesada-komatsu","repuestos-para-maquinaria-pesada-excavadora-komatsu","PC130-8","Repuestos y componentes para excavadora Komatsu PC130-8. Suministramos piezas de mantenimiento y desgaste con asesoría técnica para mantener el equipo operativo.","Repuestos Komatsu PC130-8 | Excavadora | Partequipos","Repuestos para Komatsu PC130-8 (excavadora): filtros, tren de rodaje, componentes hidráulicos y más. Cotiza con Partequipos."
"Komatsu PC160-7","repuestos-excavadora-komatsu-pc160-7","repuestos-para-maquinaria-pesada-komatsu","repuestos-para-maquinaria-pesada-excavadora-komatsu","PC160-7","Repuestos y componentes para excavadora Komatsu PC160-7. Suministramos piezas de mantenimiento y desgaste con asesoría técnica para mantener el equipo operativo.","Repuestos Komatsu PC160-7 | Excavadora | Partequipos","Repuestos para Komatsu PC160-7 (excavadora): filtros, tren de rodaje, componentes hidráulicos y más. Cotiza con Partequipos."
"Komatsu PC200LC-6","repuestos-excavadora-komatsu-pc200lc-6","repuestos-para-maquinaria-pesada-komatsu","repuestos-para-maquinaria-pesada-excavadora-komatsu","PC200LC-6","Repuestos y componentes para excavadora Komatsu PC200LC-6. Suministramos piezas de mantenimiento y desgaste con asesoría técnica para mantener el equipo operativo.","Repuestos Komatsu PC200LC-6 | Excavadora | Partequipos","Repuestos para Komatsu PC200LC-6 (excavadora): filtros, tren de rodaje, componentes hidráulicos y más. Cotiza con Partequipos."
"Komatsu PC200LC-7","repuestos-excavadora-komatsu-pc200lc-7","repuestos-para-maquinaria-pesada-komatsu","repuestos-para-maquinaria-pesada-excavadora-komatsu","PC200LC-7","Repuestos y componentes para excavadora Komatsu PC200LC-7. Suministramos piezas de mantenimiento y desgaste con asesoría técnica para mantener el equipo operativo.","Repuestos Komatsu PC200LC-7 | Excavadora | Partequipos","Repuestos para Komatsu PC200LC-7 (excavadora): filtros, tren de rodaje, componentes hidráulicos y más. Cotiza con Partequipos."
"Komatsu PC200LC-8","repuestos-excavadora-komatsu-pc200lc-8","repuestos-para-maquinaria-pesada-komatsu","repuestos-para-maquinaria-pesada-excavadora-komatsu","PC200LC-8","Repuestos y componentes para excavadora Komatsu PC200LC-8. Suministramos piezas de mantenimiento y desgaste con asesoría técnica para mantener el equipo operativo.","Repuestos Komatsu PC200LC-8 | Excavadora | Partequipos","Repuestos para Komatsu PC200LC-8 (excavadora): filtros, tren de rodaje, componentes hidráulicos y más. Cotiza con Partequipos."
"Komatsu PC220LC-7","repuestos-excavadora-komatsu-pc220lc-7","repuestos-para-maquinaria-pesada-komatsu","repuestos-para-maquinaria-pesada-excavadora-komatsu","PC220LC-7","Repuestos y componentes para excavadora Komatsu PC220LC-7. Suministramos piezas de mantenimiento y desgaste con asesoría técnica para mantener el equipo operativo.","Repuestos Komatsu PC220LC-7 | Excavadora | Partequipos","Repuestos para Komatsu PC220LC-7 (excavadora): filtros, tren de rodaje, componentes hidráulicos y más. Cotiza con Partequipos."
"Komatsu PC220LC-8","repuestos-excavadora-komatsu-pc220lc-8","repuestos-para-maquinaria-pesada-komatsu","repuestos-para-maquinaria-pesada-excavadora-komatsu","PC220LC-8","Repuestos y componentes para excavadora Komatsu PC220LC-8. Suministramos piezas de mantenimiento y desgaste con asesoría técnica para mantener el equipo operativo.","Repuestos Komatsu PC220LC-8 | Excavadora | Partequipos","Repuestos para Komatsu PC220LC-8 (excavadora): filtros, tren de rodaje, componentes hidráulicos y más. Cotiza con Partequipos."
"Komatsu PC300LC-7","repuestos-excavadora-komatsu-pc300lc-7","repuestos-para-maquinaria-pesada-komatsu","repuestos-para-maquinaria-pesada-excavadora-komatsu","PC300LC-7","Repuestos y componentes para excavadora Komatsu PC300LC-7. Suministramos piezas de mantenimiento y desgaste con asesoría técnica para mantener el equipo operativo.","Repuestos Komatsu PC300LC-7 | Excavadora | Partequipos","Repuestos para Komatsu PC300LC-7 (excavadora): filtros, tren de rodaje, componentes hidráulicos y más. Cotiza con Partequipos."
"Komatsu PC350-8","repuestos-excavadora-komatsu-pc350-8","repuestos-para-maquinaria-pesada-komatsu","repuestos-para-maquinaria-pesada-excavadora-komatsu","PC350-8","Repuestos y componentes para excavadora Komatsu PC350-8. Suministramos piezas de mantenimiento y desgaste con asesoría técnica para mantener el equipo operativo.","Repuestos Komatsu PC350-8 | Excavadora | Partequipos","Repuestos para Komatsu PC350-8 (excavadora): filtros, tren de rodaje, componentes hidráulicos y más. Cotiza con Partequipos."
"Komatsu PC400-7","repuestos-excavadora-komatsu-pc400-7","repuestos-para-maquinaria-pesada-komatsu","repuestos-para-maquinaria-pesada-excavadora-komatsu","PC400-7","Repuestos y componentes para excavadora Komatsu PC400-7. Suministramos piezas de mantenimiento y desgaste con asesoría técnica para mantener el equipo operativo.","Repuestos Komatsu PC400-7 | Excavadora | Partequipos","Repuestos para Komatsu PC400-7 (excavadora): filtros, tren de rodaje, componentes hidráulicos y más. Cotiza con Partequipos."
"Hitachi EX200","repuestos-excavadora-hitachi-ex200","repuestos-para-maquinaria-pesada-hitachi","repuestos-para-maquinaria-pesada-excavadora-hitachi","EX200","Repuestos y componentes para excavadora Hitachi EX200. Suministramos piezas de mantenimiento y desgaste con asesoría técnica para mantener el equipo operativo.","Repuestos Hitachi EX200 | Excavadora | Partequipos","Repuestos para Hitachi EX200 (excavadora): filtros, tren de rodaje, componentes hidráulicos y más. Cotiza con Partequipos."
"Hitachi ZX120-3","repuestos-excavadora-hitachi-zx120-3","repuestos-para-maquinaria-pesada-hitachi","repuestos-para-maquinaria-pesada-excavadora-hitachi","ZX120-3","Repuestos y componentes para excavadora Hitachi ZX120-3. Suministramos piezas de mantenimiento y desgaste con asesoría técnica para mantener el equipo operativo.","Repuestos Hitachi ZX120-3 | Excavadora | Partequipos","Repuestos para Hitachi ZX120-3 (excavadora): filtros, tren de rodaje, componentes hidráulicos y más. Cotiza con Partequipos."
"Hitachi ZX200-3","repuestos-excavadora-hitachi-zx200-3","repuestos-para-maquinaria-pesada-hitachi","repuestos-para-maquinaria-pesada-excavadora-hitachi","ZX200-3","Repuestos y componentes para excavadora Hitachi ZX200-3. Suministramos piezas de mantenimiento y desgaste con asesoría técnica para mantener el equipo operativo.","Repuestos Hitachi ZX200-3 | Excavadora | Partequipos","Repuestos para Hitachi ZX200-3 (excavadora): filtros, tren de rodaje, componentes hidráulicos y más. Cotiza con Partequipos."
"Hitachi ZX210-5G","repuestos-excavadora-hitachi-zx210-5g","repuestos-para-maquinaria-pesada-hitachi","repuestos-para-maquinaria-pesada-excavadora-hitachi","ZX210-5G","Repuestos y componentes para excavadora Hitachi ZX210-5G. Suministramos piezas de mantenimiento y desgaste con asesoría técnica para mantener el equipo operativo.","Repuestos Hitachi ZX210-5G | Excavadora | Partequipos","Repuestos para Hitachi ZX210-5G (excavadora): filtros, tren de rodaje, componentes hidráulicos y más. Cotiza con Partequipos."
"Hitachi ZX220LC","repuestos-excavadora-hitachi-zx220lc","repuestos-para-maquinaria-pesada-hitachi","repuestos-para-maquinaria-pesada-excavadora-hitachi","ZX220LC","Repuestos y componentes para excavadora Hitachi ZX220LC. Suministramos piezas de mantenimiento y desgaste con asesoría técnica para mantener el equipo operativo.","Repuestos Hitachi ZX220LC | Excavadora | Partequipos","Repuestos para Hitachi ZX220LC (excavadora): filtros, tren de rodaje, componentes hidráulicos y más. Cotiza con Partequipos."
"Hitachi ZX270LC","repuestos-excavadora-hitachi-zx270lc","repuestos-para-maquinaria-pesada-hitachi","repuestos-para-maquinaria-pesada-excavadora-hitachi","ZX270LC","Repuestos y componentes para excavadora Hitachi ZX270LC. Suministramos piezas de mantenimiento y desgaste con asesoría técnica para mantener el equipo operativo.","Repuestos Hitachi ZX270LC | Excavadora | Partequipos","Repuestos para Hitachi ZX270LC (excavadora): filtros, tren de rodaje, componentes hidráulicos y más. Cotiza con Partequipos."
"Hitachi ZX330LC","repuestos-excavadora-hitachi-zx330lc","repuestos-para-maquinaria-pesada-hitachi","repuestos-para-maquinaria-pesada-excavadora-hitachi","ZX330LC","Repuestos y componentes para excavadora Hitachi ZX330LC. Suministramos piezas de mantenimiento y desgaste con asesoría técnica para mantener el equipo operativo.","Repuestos Hitachi ZX330LC | Excavadora | Partequipos","Repuestos para Hitachi ZX330LC (excavadora): filtros, tren de rodaje, componentes hidráulicos y más. Cotiza con Partequipos."
"Hitachi ZX350LC-5","repuestos-excavadora-hitachi-zx350lc-5","repuestos-para-maquinaria-pesada-hitachi","repuestos-para-maquinaria-pesada-excavadora-hitachi","ZX350LC-5","Repuestos y componentes para excavadora Hitachi ZX350LC-5. Suministramos piezas de mantenimiento y desgaste con asesoría técnica para mantener el equipo operativo.","Repuestos Hitachi ZX350LC-5 | Excavadora | Partequipos","Repuestos para Hitachi ZX350LC-5 (excavadora): filtros, tren de rodaje, componentes hidráulicos y más. Cotiza con Partequipos."
"Hitachi ZX450LC","repuestos-excavadora-hitachi-zx450lc","repuestos-para-maquinaria-pesada-hitachi","repuestos-para-maquinaria-pesada-excavadora-hitachi","ZX450LC","Repuestos y componentes para excavadora Hitachi ZX450LC. Suministramos piezas de mantenimiento y desgaste con asesoría técnica para mantener el equipo operativo.","Repuestos Hitachi ZX450LC | Excavadora | Partequipos","Repuestos para Hitachi ZX450LC (excavadora): filtros, tren de rodaje, componentes hidráulicos y más. Cotiza con Partequipos."
"Hitachi ZX30U-2","repuestos-miniexcavadora-hitachi-zx30u-2","repuestos-para-maquinaria-pesada-hitachi","repuestos-para-maquinaria-pesada-miniexcavadora-hitachi","ZX30U-2","Repuestos y componentes para miniexcavadora Hitachi ZX30U-2. Suministramos piezas de mantenimiento y desgaste con asesoría técnica para mantener el equipo operativo.","Repuestos Hitachi ZX30U-2 | Miniexcavadora | Partequipos","Repuestos para Hitachi ZX30U-2 (miniexcavadora): filtros, tren de rodaje, componentes hidráulicos y más. Cotiza con Partequipos."
"Hitachi ZX35U-3","repuestos-miniexcavadora-hitachi-zx35u-3","repuestos-para-maquinaria-pesada-hitachi","repuestos-para-maquinaria-pesada-miniexcavadora-hitachi","ZX35U-3","Repuestos y componentes para miniexcavadora Hitachi ZX35U-3. Suministramos piezas de mantenimiento y desgaste con asesoría técnica para mantener el equipo operativo.","Repuestos Hitachi ZX35U-3 | Miniexcavadora | Partequipos","Repuestos para Hitachi ZX35U-3 (miniexcavadora): filtros, tren de rodaje, componentes hidráulicos y más. Cotiza con Partequipos."
"Hitachi ZX40U-3","repuestos-miniexcavadora-hitachi-zx40u-3","repuestos-para-maquinaria-pesada-hitachi","repuestos-para-maquinaria-pesada-miniexcavadora-hitachi","ZX40U-3","Repuestos y componentes para miniexcavadora Hitachi ZX40U-3. Suministramos piezas de mantenimiento y desgaste con asesoría técnica para mantener el equipo operativo.","Repuestos Hitachi ZX40U-3 | Miniexcavadora | Partequipos","Repuestos para Hitachi ZX40U-3 (miniexcavadora): filtros, tren de rodaje, componentes hidráulicos y más. Cotiza con Partequipos."
"Hitachi ZX50U-3","repuestos-miniexcavadora-hitachi-zx50u-3","repuestos-para-maquinaria-pesada-hitachi","repuestos-para-maquinaria-pesada-miniexcavadora-hitachi","ZX50U-3","Repuestos y componentes para miniexcavadora Hitachi ZX50U-3. Suministramos piezas de mantenimiento y desgaste con asesoría técnica para mantener el equipo operativo.","Repuestos Hitachi ZX50U-3 | Miniexcavadora | Partequipos","Repuestos para Hitachi ZX50U-3 (miniexcavadora): filtros, tren de rodaje, componentes hidráulicos y más. Cotiza con Partequipos."
"Hitachi ZX75U-A","repuestos-miniexcavadora-hitachi-zx75u-a","repuestos-para-maquinaria-pesada-hitachi","repuestos-para-maquinaria-pesada-miniexcavadora-hitachi","ZX75U-A","Repuestos y componentes para miniexcavadora Hitachi ZX75U-A. Suministramos piezas de mantenimiento y desgaste con asesoría técnica para mantener el equipo operativo.","Repuestos Hitachi ZX75U-A | Miniexcavadora | Partequipos","Repuestos para Hitachi ZX75U-A (miniexcavadora): filtros, tren de rodaje, componentes hidráulicos y más. Cotiza con Partequipos."
"Hitachi ZX85U-3","repuestos-miniexcavadora-hitachi-zx85u-3","repuestos-para-maquinaria-pesada-hitachi","repuestos-para-maquinaria-pesada-miniexcavadora-hitachi","ZX85U-3","Repuestos y componentes para miniexcavadora Hitachi ZX85U-3. Suministramos piezas de mantenimiento y desgaste con asesoría técnica para mantener el equipo operativo.","Repuestos Hitachi ZX85U-3 | Miniexcavadora | Partequipos","Repuestos para Hitachi ZX85U-3 (miniexcavadora): filtros, tren de rodaje, componentes hidráulicos y más. Cotiza con Partequipos."
"Bobcat E32","repuestos-miniexcavadora-bobcat-e32","repuestos-para-maquinaria-pesada-bobcat","repuestos-para-maquinaria-pesada-miniexcavadora-bobcat","E32","Repuestos y componentes para miniexcavadora Bobcat E32. Suministramos piezas de mantenimiento y desgaste con asesoría técnica para mantener el equipo operativo.","Repuestos Bobcat E32 | Miniexcavadora | Partequipos","Repuestos para Bobcat E32 (miniexcavadora): filtros, tren de rodaje, componentes hidráulicos y más. Cotiza con Partequipos."
"Bobcat E42","repuestos-miniexcavadora-bobcat-e42","repuestos-para-maquinaria-pesada-bobcat","repuestos-para-maquinaria-pesada-miniexcavadora-bobcat","E42","Repuestos y componentes para miniexcavadora Bobcat E42. Suministramos piezas de mantenimiento y desgaste con asesoría técnica para mantener el equipo operativo.","Repuestos Bobcat E42 | Miniexcavadora | Partequipos","Repuestos para Bobcat E42 (miniexcavadora): filtros, tren de rodaje, componentes hidráulicos y más. Cotiza con Partequipos."
"Bobcat E45","repuestos-miniexcavadora-bobcat-e45","repuestos-para-maquinaria-pesada-bobcat","repuestos-para-maquinaria-pesada-miniexcavadora-bobcat","E45","Repuestos y componentes para miniexcavadora Bobcat E45. Suministramos piezas de mantenimiento y desgaste con asesoría técnica para mantener el equipo operativo.","Repuestos Bobcat E45 | Miniexcavadora | Partequipos","Repuestos para Bobcat E45 (miniexcavadora): filtros, tren de rodaje, componentes hidráulicos y más. Cotiza con Partequipos."
"Volvo EC210","repuestos-excavadora-volvo-ec210","repuestos-para-maquinaria-pesada-volvo","repuestos-para-maquinaria-pesada-excavadora-volvo","EC210","Repuestos y componentes para excavadora Volvo EC210. Suministramos piezas de mantenimiento y desgaste con asesoría técnica para mantener el equipo operativo.","Repuestos Volvo EC210 | Excavadora | Partequipos","Repuestos para Volvo EC210 (excavadora): filtros, tren de rodaje, componentes hidráulicos y más. Cotiza con Partequipos."
"Volvo EC210B","repuestos-excavadora-volvo-ec210b","repuestos-para-maquinaria-pesada-volvo","repuestos-para-maquinaria-pesada-excavadora-volvo","EC210B","Repuestos y componentes para excavadora Volvo EC210B. Suministramos piezas de mantenimiento y desgaste con asesoría técnica para mantener el equipo operativo.","Repuestos Volvo EC210B | Excavadora | Partequipos","Repuestos para Volvo EC210B (excavadora): filtros, tren de rodaje, componentes hidráulicos y más. Cotiza con Partequipos."
"Volvo EC240","repuestos-excavadora-volvo-ec240","repuestos-para-maquinaria-pesada-volvo","repuestos-para-maquinaria-pesada-excavadora-volvo","EC240","Repuestos y componentes para excavadora Volvo EC240. Suministramos piezas de mantenimiento y desgaste con asesoría técnica para mantener el equipo operativo.","Repuestos Volvo EC240 | Excavadora | Partequipos","Repuestos para Volvo EC240 (excavadora): filtros, tren de rodaje, componentes hidráulicos y más. Cotiza con Partequipos."
