"nombre","slug","marca_slug","descripcion","metaTitle","metaDescription"
"Excavadora","repuestos-para-maquinaria-pesada-excavadora-caterpillar","repuestos-para-maquinaria-pesada-caterpillar","Repuestos para excavadora Caterpillar. Disponemos de piezas de desgaste, mantenimiento y componentes de reposición con respaldo técnico para toda la línea.","Repuestos para Excavadora Caterpillar | Partequipos","Consigue repuestos para excavadora Caterpillar: filtración, tren de rodaje, componentes hidráulicos y más. Cotiza con Partequipos."
"Retrocargadora","repuestos-para-maquinaria-pesada-retrocargadora-caterpillar","repuestos-para-maquinaria-pesada-caterpillar","Repuestos para retrocargadora Caterpillar. Disponemos de piezas de desgaste, mantenimiento y componentes de reposición con respaldo técnico para toda la línea.","Repuestos para Retrocargadora Caterpillar | Partequipos","Consigue repuestos para retrocargadora Caterpillar: filtración, tren de rodaje, componentes hidráulicos y más. Cotiza con Partequipos."
"Bulldozer","repuestos-para-maquinaria-pesada-bulldozer-caterpillar","repuestos-para-maquinaria-pesada-caterpillar","Repuestos para bulldozer Caterpillar. Disponemos de piezas de desgaste, mantenimiento y componentes de reposición con respaldo técnico para toda la línea.","Repuestos para Bulldozer Caterpillar | Partequipos","Consigue repuestos para bulldozer Caterpillar: filtración, tren de rodaje, componentes hidráulicos y más. Cotiza con Partequipos."
"Minicargador","repuestos-para-maquinaria-pesada-minicargador-caterpillar","repuestos-para-maquinaria-pesada-caterpillar","Repuestos para minicargador Caterpillar. Disponemos de piezas de desgaste, mantenimiento y componentes de reposición con respaldo técnico para toda la línea.","Repuestos para Minicargador Caterpillar | Partequipos","Consigue repuestos para minicargador Caterpillar: filtración, tren de rodaje, componentes hidráulicos y más. Cotiza con Partequipos."
"Motoniveladora","repuestos-para-maquinaria-pesada-motoniveladora-caterpillar","repuestos-para-maquinaria-pesada-caterpillar","Repuestos para motoniveladora Caterpillar. Disponemos de piezas de desgaste, mantenimiento y componentes de reposición con respaldo técnico para toda la línea.","Repuestos para Motoniveladora Caterpillar | Partequipos","Consigue repuestos para motoniveladora Caterpillar: filtración, tren de rodaje, componentes hidráulicos y más. Cotiza con Partequipos."
"Excavadora","repuestos-para-maquinaria-pesada-excavadora-komatsu","repuestos-para-maquinaria-pesada-komatsu","Repuestos para excavadora Komatsu. Disponemos de piezas de desgaste, mantenimiento y componentes de reposición con respaldo técnico para toda la línea.","Repuestos para Excavadora Komatsu | Partequipos","Consigue repuestos para excavadora Komatsu: filtración, tren de rodaje, componentes hidráulicos y más. Cotiza con Partequipos."
"Excavadora","repuestos-para-maquinaria-pesada-excavadora-hitachi","repuestos-para-maquinaria-pesada-hitachi","Repuestos para excavadora Hitachi. Disponemos de piezas de desgaste, mantenimiento y componentes de reposición con respaldo técnico para toda la línea.","Repuestos para Excavadora Hitachi | Partequipos","Consigue repuestos para excavadora Hitachi: filtración, tren de rodaje, componentes hidráulicos y más. Cotiza con Partequipos."
"Miniexcavadora","repuestos-para-maquinaria-pesada-miniexcavadora-hitachi","repuestos-para-maquinaria-pesada-hitachi","Repuestos para miniexcavadora Hitachi. Disponemos de piezas de desgaste, mantenimiento y componentes de reposición con respaldo técnico para toda la línea.","Repuestos para Miniexcavadora Hitachi | Partequipos","Consigue repuestos para miniexcavadora Hitachi: filtración, tren de rodaje, componentes hidráulicos y más. Cotiza con Partequipos."
"Miniexcavadora","repuestos-para-maquinaria-pesada-miniexcavadora-bobcat","repuestos-para-maquinaria-pesada-bobcat","Repuestos para miniexcavadora Bobcat. Disponemos de piezas de desgaste, mantenimiento y componentes de reposición con respaldo técnico para toda la línea.","Repuestos para Miniexcavadora Bobcat | Partequipos","Consigue repuestos para miniexcavadora Bobcat: filtración, tren de rodaje, componentes hidráulicos y más. Cotiza con Partequipos."
"Excavadora","repuestos-para-maquinaria-pesada-excavadora-volvo","repuestos-para-maquinaria-pesada-volvo","Repuestos para excavadora Volvo. Disponemos de piezas de desgaste, mantenimiento y componentes de reposición con respaldo técnico para toda la línea.","Repuestos para Excavadora Volvo | Partequipos","Consigue repuestos para excavadora Volvo: filtración, tren de rodaje, componentes hidráulicos y más. Cotiza con Partequipos."
